Model,MAE,RMSE,R² Score
ARIMA,25.04165431718695,152.29296189226778,-0.027321030162769766
Random Forest,23.64326879804379,151.85242665643435,-0.02138619858103996
XGBoost,23.725444626902654,151.95565152921048,-0.022775287944832412
Prophet,24.175643060076663,152.0722878256676,-0.02434598970065438
